Form Name,Department / Area,Priority,Status,Complexity,Assigned To,Owner,Purpose / Notes,Data (Pull/Save),Current Location
Course Substitution Request Form,Forms and Documentation,P1,In Progress,Simple,Andrew Dunn / Austin Bogdany (in-house),,,,Home > Registrar's Office Forms
Degree Information Update Request Form,Forms and Documentation,P1,In Progress,Simple,Andrew Dunn / Austin Bogdany (in-house),,New Title: Change of Academic Program,,Home > Forms > Advising
Course Overload Form - Fall 2025 -2026,Registration,P1,In Progress,Complex,Andrew Dunn / Austin Bogdany (in-house),,Discuss with Keri,,Home > Registrar's Office Forms
Directed Study/Independent Study form,Registration,P1,In Progress,Simple,Andrew Dunn / Austin Bogdany (in-house),Office of the Registrar,,,
Parking/Traffic Citation Appeal Form,Student Home,P1,In Progress,Simple,Andrew Dunn / Austin Bogdany (in-house),Public Safety,Allows student/faculty/staff to file an appeal for a parking citation,,MU ID Card & Parking Pass > Public Safety Forms-Parking/Traffic Citation Appeals Form
Benefits Statement,Veteran Services,P1,In Progress,Simple,Andrew Dunn / Austin Bogdany (in-house),Randy Smith,To communicate benefits to students and signal work to do in Student Financial Services,,
Requirements for Receiving VA Benefits,Veteran Services,P1,In Progress,Simple,Andrew Dunn / Austin Bogdany (in-house),Randy Smith,,,Home > Forms
Summer 2024-2025 Request for Certification of Educational Benefits,Veteran Services,P1,In Progress,Simple,Andrew Dunn / Austin Bogdany (in-house),Randy Smith,This is a duplicate | variants: Summer 2023-2024 Request for Certification of Educational Benefits,,Home > Request for Certification
Faculty/Staff Vehicle Registration,Forms and Documentation,P3,In Progress,Simple,Andrew Dunn / Austin Bogdany (in-house),Public Safety,Allows Faculty and Staff to register vehicles for parking permits,,Home > Forms > Police and Public Safety
Parking/Traffic Citation Appeal Form,Forms and Documentation,P3,In Progress,Simple,Andrew Dunn / Austin Bogdany (in-house),Public Safety,Allows student/faculty/staff to file an appeal for a parking citation,,MU ID Card & Parking Pass > Public Safety Forms-Parking/Traffic Citation Appeals Form
Clinical Education Manual Acknowledgement,DPT Students,P4,TBD,Complex,Andrew Dunn / Austin Bogdany (in-house),,Meredith Gronski,,DPT Students > Home > DPT Students - Forms
Clinical Education Release of Information,DPT Students,P4,TBD,Complex,Andrew Dunn / Austin Bogdany (in-house),,Meredith Gronski,,DPT Students > Home > DPT Students - Forms
DPT 5200 Anatomy Lab Locker Use Acknowledgement,DPT Students,P4,TBD,Simple,Andrew Dunn / Austin Bogdany (in-house),,Meredith Gronski,,DPT Students > Home > DPT Students - Forms
DPT 5200 Human Anatomy I (Cadaver Lab) - Lab Release Form,DPT Students,P4,TBD,Simple,Andrew Dunn / Austin Bogdany (in-house),,Meredith Gronski | variants: DPT 5200 Human Anatomy I - Lab Release Form,,DPT Students > Home > DPT Students - Forms
DPT 5220 Human Anatomy II - Cadaver Release Form,DPT Students,P4,TBD,Simple,Andrew Dunn / Austin Bogdany (in-house),,Meredith Gronski,,DPT Students > Home > DPT Students - Forms
DPT 5500 Physical Therapy Tests and Measures - Lab Release Form,DPT Students,P4,TBD,Simple,Andrew Dunn / Austin Bogdany (in-house),,Meredith Gronski,,DPT Students > Home > DPT Students - Forms
DPT 5520 Foundations of Acute Care and Patient Care Skills - Lab Release Form,DPT Students,P4,TBD,Simple,Andrew Dunn / Austin Bogdany (in-house),,Meredith Gronski,,DPT Students > Home > DPT Students - Forms
DPT 5540 Biophysical Agents - Lab Release Form,DPT Students,P4,TBD,Simple,Andrew Dunn / Austin Bogdany (in-house),,Meredith Gronski,,DPT Students > Home > DPT Students - Forms
DPT 5560 Exercise Principles and Prescription - Lab Release Form,DPT Students,P4,TBD,Simple,Andrew Dunn / Austin Bogdany (in-house),,Meredith Gronski,,DPT Students > Home > DPT Students - Forms
DPT 5600 Functional Neuroanatomy - Cadaver Release Form,DPT Students,P4,TBD,Simple,Andrew Dunn / Austin Bogdany (in-house),,Meredith Gronski,,DPT Students > Home > DPT Students - Forms
DPT 5710 Exercise Physiology and Wellness - Lab Release Form,DPT Students,P4,TBD,Simple,Andrew Dunn / Austin Bogdany (in-house),,Meredith Gronski,,DPT Students > Home > DPT Students - Forms
DPT 5800 Geriatrics and Aging- Lab Release Form,DPT Students,P4,TBD,Simple,Andrew Dunn / Austin Bogdany (in-house),,Meredith Gronski,,DPT Students > Home > DPT Students - Forms
DPT 6010 Musculoskeletal Physical Therapy II - Lab Release Form,DPT Students,P4,TBD,Simple,Andrew Dunn / Austin Bogdany (in-house),,Meredith Gronski,,DPT Students > Home > DPT Students - Forms
DPT 6030 Musculoskeletal PT III - MSK Lab Release Form,DPT Students,P4,TBD,Simple,Andrew Dunn / Austin Bogdany (in-house),,Meredith Gronski,,DPT Students > Home > DPT Students - Forms
DPT 6110 Adult Neurological Physical Therapy - Lab Release Form,DPT Students,P4,TBD,Simple,Andrew Dunn / Austin Bogdany (in-house),,Meredith Gronski,,DPT Students > Home > DPT Students - Forms
DPT 6120 Pediatric Physical Therapy - Lab Release Form,DPT Students,P4,TBD,Simple,Andrew Dunn / Austin Bogdany (in-house),,Meredith Gronski,,DPT Students > Home > DPT Students - Forms
DPT 6130 Adult Neurological PT II - Lab Release Form,DPT Students,P4,TBD,Simple,Andrew Dunn / Austin Bogdany (in-house),,Meredith Gronski,,DPT Students > Home > DPT Students - Forms
DPT 6500 Gait and Movement Analysis - Lab Release Form,DPT Students,P4,TBD,Simple,Andrew Dunn / Austin Bogdany (in-house),,Meredith Gronski,,DPT Students > Home > DPT Students - Forms
DPT 6700 Cardiopulmonary PT - Lab Release Form,DPT Students,P4,TBD,Simple,Andrew Dunn / Austin Bogdany (in-house),,Meredith Gronski,,DPT Students > Home > DPT Students - Forms
DPT 7240 Physical Therapy Select Populations - Lab Release Form,DPT Students,P4,TBD,Simple,Andrew Dunn / Austin Bogdany (in-house),,Meredith Gronski,,DPT Students > Home > DPT Students - Forms
Photo and Video Release Form,DPT Students,P4,TBD,Simple,Andrew Dunn / Austin Bogdany (in-house),,Meredith Gronski,,DPT Students > Home > DPT Students - Forms
Student Handbook Acknowledgement,DPT Students,P4,TBD,Simple,Andrew Dunn / Austin Bogdany (in-house),,Meredith Gronski,,DPT Students > Home > DPT Students - Forms
Fall 2024-2025 Change of Grade Request Form,Forms and Documentation,P4,Needed,Simple,Andrew Dunn / Austin Bogdany (in-house),,,,Home > Registrar's Office Forms
Spring 2024-2025 Change of Grade Request Form,Forms and Documentation,P4,Needed,Simple,Andrew Dunn / Austin Bogdany (in-house),,We may just need one form with settings to open and close on particular dates,,Home > Registrar's Office Forms
Summer 2023-2024 Change of Grade Request,Forms and Documentation,P4,Needed,Simple,Andrew Dunn / Austin Bogdany (in-house),,,,Home > Registrar's Office Forms
Incomplete Grade Request Form,Student,P4,Needed,Simple,Andrew Dunn / Austin Bogdany (in-house),,,,
Transient Student Approval Form,Student,P4,Needed,Complex,Andrew Dunn / Austin Bogdany (in-house),,,,Transfer Studen Services
